{"0xf4ba68556319cccfe2ce2c10e7c5b8b5066cfdbc":{"amount":"55000","perSecond":0.09093915343915344,"claimed":0},"0x7269072cd0abdf4ce416b7f52b8002cb2f005ec4":{"amount":"55000","perSecond":0.09093915343915344,"claimed":0},"0xaec9bb50aff0158e86bfdc1728c540d59edd71ad":{"amount":"55000","perSecond":0.09093915343915344,"claimed":0},"0x79f4194a613ecf2b4d366799b778431ffc9ee280":{"amount":"55000","perSecond":0.09093915343915344,"claimed":0},"0xfe051c8e933e1ad1353dbcca310530d4587a6624":{"amount":"55000","perSecond":0.09093915343915344,"claimed":0},"0x0e845dbf75476595bdfc32ecfbe77c6b35a752f4":{"amount":"55000","perSecond":0.09093915343915344,"claimed":0},"0x87f0bfd5d95d67b3294a42e6778e6e38af05ec29":{"amount":"55000","perSecond":0.09093915343915344,"claimed":0},"0xeba382cda637246d58e6afcb223644665c5e0e83":{"amount":"55000","perSecond":0.09093915343915344,"claimed":0},"0xb8f9d8a0f34ff0fbe8272e044afabb2b30a61f68":{"amount":"55000","perSecond":0.09093915343915344,"claimed":0},"0x63a85f2ff7f6bfe909ac9f2e0570f6e62cd617af":{"amount":"55000","perSecond":0.09093915343915344,"claimed":0},"0x2798b02beddf71216a32b29dc3fcdabed038a01b":{"amount":"55000","perSecond":0.09093915343915344,"claimed":0},"0x37b988a8ffd386f24d2792ef4fc2d50c8242a1c3":{"amount":"55000","perSecond":0.09093915343915344,"claimed":0},"0x083d6bcd88405c03f8a39da4390894ee3b23fe30":{"amount":"55000","perSecond":0.09093915343915344,"claimed":0},"0x45f14c6f6649d1d4cb3dd501811ab7263285eaa3":{"amount":"55000","perSecond":0.09093915343915344,"claimed":0},"0xcf2e5a9f26794f21386817d64c9931a6d3a09b5d":{"amount":"55000","perSecond":0.09093915343915344,"claimed":0},"0xc64053fdf825ef0554bf51631755731b683684e4":{"amount":"55000","perSecond":0.09093915343915344,"claimed":0},"0xac0249ae1111b565e6f2dcc74ea9269671e4cef9":{"amount":"55000","perSecond":0.09093915343915344,"claimed":0},"0xcd0a6df78090d1850e7a8e8af7c56a4a0d01c4d1":{"amount":"55000","perSecond":0.09093915343915344,"claimed":0}}